layer,shape,mean,std,spectral_norm,num_params
shared.0.weight,"[64, 4]",0.0699315220117569,0.46956944465637207,6.076025009155273,256
shared.2.weight,"[64, 64]",0.0015347256558015943,0.36129066348075867,21.352527618408203,4096
actor.weight,"[2, 64]",0.0023971502669155598,0.12512755393981934,1.2820490598678589,128
critic.weight,"[1, 64]",-0.12459653615951538,0.6500617265701294,5.255103588104248,64
